,email,username,password,name
0,nacosta267@hotmail.com,nacosta267,thElR;B,Niharika Acosta
1,tgibson388@yahoo.com,tgibson388,01kQ0i>W,Tui Gibson
2,aali246@gmail.com,aali246,>rAic\\d,Adama Ali
3,anelson803@hotmail.com,anelson803,^g=5EKgZK`BXL9?,Abed Nelson
4,bkennedy201@msn.com,bkennedy201,XqT[PG:LZv8<vUL,Bolormaa Kennedy
5,ialvarez694@msn.com,ialvarez694,<4S7mQk,Ilgar Alvarez
6,mhogan223@yahoo.com,mhogan223,EIlrwLwKJr<mUS,Manaia Hogan
7,rperkins511@hotmail.com,rperkins511,=MjnvrmpE=9F,Rachid Perkins
8,bpace65@gmail.com,bpace65,H78Ut6H,Bruno Pace
9,ejacobs352@hotmail.com,ejacobs352,unVpoOXArn@7Qb_,Evens Jacobs
10,mjames42@hotmail.com,mjames42,WL^?3r,Melokuhle James
11,mchan539@msn.com,mchan539,g0ZT7Jd,Miral Chan
12,vlawson841@gmail.com,vlawson841,d>Q?Vd,Viltė Lawson
13,tcarr522@gmail.com,tcarr522,M[<5:Ja^ni7Du,Tarana Carr
14,jneal771@hotmail.com,jneal771,Z3]_1]\ipqPmM,Jian Neal
15,dvilla870@yahoo.com,dvilla870,ffX1bmGP^VQsY1,Diya Villa
16,fmcdowell402@gmail.com,fmcdowell402,QDO<]Ad\Rag=f,Fatma Mcdowell
17,acarroll930@hotmail.com,acarroll930,s2@<Kai,Angeline Carroll
18,ehammond217@gmail.com,ehammond217,i=@uAh,Elshan Hammond
19,roliver12@hotmail.com,roliver12,Cooe5E9Qb5;8,Roel Oliver
20,gbanks291@gmail.com,gbanks291,]5un@;,Gunay Banks
21,nrhodes557@hotmail.com,nrhodes557,G1=phS,Nesreen Rhodes
22,gcurry53@live.com,gcurry53,1nQ\o[Dc?PZVi^v,Ginevra Curry
23,zhuerta626@gmail.com,zhuerta626,7gppfaBj=l9,Zahid Huerta
24,amclean60@hotmail.com,amclean60,=<nRusCd7T8lc,Adama Mclean
25,cbarajas532@msn.com,cbarajas532,rIRNIo]7fXDiT[,César Barajas
26,eahmed282@msn.com,eahmed282,bHb[O:FC,Elshan Ahmed
27,rbowman907@gmail.com,rbowman907,W]jfXjh<VEpMv7o,Roel Bowman
28,fwashington942@msn.com,fwashington942,[:Et?[wVc3s,Fatoumata Washington
29,wdixon188@hotmail.com,wdixon188,5A4su_O,Widelene Dixon
30,ygreen507@hotmail.com,ygreen507,7BP;NN`ZWZ][,Yarin Green
31,ajarvis837@gmail.com,ajarvis837,`:78oGY1V,Adama Jarvis
32,ejennings871@gmail.com,ejennings871,:D<Ihq,Emirhan Jennings
33,rvilla520@live.com,rvilla520,=k5P\P@,Rodrigo Villa
34,rbeltran207@yahoo.com,rbeltran207,^GlLkG,Rawiri Beltran
35,xcorrea208@gmail.com,xcorrea208,_VMDjuT,Xiaoyan Correa
36,nrios519@yahoo.com,nrios519,2ug1oVDBvo8KdR,Naasunnguaq Rios
37,slloyd582@gmail.com,slloyd582,8hU<pQ0P>12Qdo,Samkelo Lloyd
38,rmoody164@hotmail.com,rmoody164,JC8WMeLra,Reem Moody
39,ineal184@gmail.com,ineal184,ibL\;aols3kZ,Ivaana Neal
40,adaniels666@hotmail.com,adaniels666,0_<kpCFfs]0s,Aykhan Daniels
41,ahoover173@yahoo.com,ahoover173,0X[?^MNe>^f<l=L,Alanoud Hoover
42,aconway654@live.com,aconway654,IlJYhId>\S6q,Adama Conway
43,amontgomery534@hotmail.com,amontgomery534,BELDFH_:w8,Amaira Montgomery
44,yheath609@live.com,yheath609,Fn3lNeaTdn0Hh@^,Yahli Heath
45,mmahoney691@live.com,mmahoney691,lAKm<vw\F>:J0d6,Merjem Mahoney
46,zescobar563@gmail.com,zescobar563,GQsHh=m,Zoran Escobar
47,ffox132@yahoo.com,ffox132,TgHXCRG@R1,Francisco Fox
48,pbenson158@msn.com,pbenson158,u21dVR69,Princess Benson
49,ofisher514@gmail.com,ofisher514,mbp[3LgrG6t0j,Omar Fisher
50,rgallegos882@live.com,rgallegos882,p:3:pA^rX,Reyansh Gallegos
51,vclark712@gmail.com,vclark712,i_t7[rQD[[m,Vusala Clark
52,bcampos405@msn.com,bcampos405,wFTa:1a,Bayarmaa Campos
53,smerritt941@msn.com,smerritt941,LgH^FVIj],Sara Merritt
54,pzuniga884@live.com,pzuniga884,B735Z8ONq\?^Z7l,Prem Zuniga
55,awaters127@gmail.com,awaters127,nklnngk6Xt,Aminata Waters
56,npham3@msn.com,npham3,T66Z8V_hN=:L2T,Nesreen Pham
57,jklein660@live.com,jklein660,eCZkvQt@ZqK7A,Jian Klein
58,kaustin740@msn.com,kaustin740,:C5QO6^^P,Kathem Austin
59,shunter975@hotmail.com,shunter975,G?g64jC,Samir Hunter
60,iwalton601@yahoo.com,iwalton601,P^9L2_>nV\wSA,Irati Walton
61,bcarpenter396@msn.com,bcarpenter396,KZ0<qUqgd6sda,Bandile Carpenter
62,ngonzales973@hotmail.com,ngonzales973,aLAkq5Vun,Nouf Gonzales
63,browe134@gmail.com,browe134,3`T;SUJ,Bolormaa Rowe
64,illoyd845@gmail.com,illoyd845,\@:MS7,Izz Lloyd
65,scortez732@live.com,scortez732,=qNipJ;mr,Saqib Cortez
66,yward590@live.com,yward590,whqp^aKwi;^b0,Yahli Ward
67,yadams562@live.com,yadams562,sd[ABfX2@0FsZ,Yan Adams
68,lhorton7@gmail.com,lhorton7,SPY\K6u,Levente Horton
69,amullen163@hotmail.com,amullen163,sCW0795^A,Aygun Mullen
70,zcrane604@live.com,zcrane604,Rlan0G\ZNvI,Zoran Crane
71,mreynolds734@msn.com,mreynolds734,\DGse_ZwqW4,Malak Reynolds
72,ynolan997@yahoo.com,ynolan997,R9oOjYoL;,Ying Nolan
73,alarson243@hotmail.com,alarson243,C0@j^lw,Aadya Larson
74,rbauer888@live.com,rbauer888,abGkssG,Rabina Bauer
75,fgarrison309@gmail.com,fgarrison309,PQ9F;g[XWeb7,Fatma Garrison
76,sneal618@live.com,sneal618,rA2YQTO@PCedsB,Sara Neal
77,nclarke144@gmail.com,nclarke144,vK7<?4nJ=^t,Naasunnguaq Clarke
78,nhartman827@msn.com,nhartman827,m`w[JchBp<,Nomaan Hartman
79,aflynn109@gmail.com,aflynn109,bRm]LC<l,Awa Flynn
80,vmontgomery717@yahoo.com,vmontgomery717,7I46KI];7nU\q,Vihaan Montgomery
81,wwashington410@gmail.com,wwashington410,bFZjOZqN,Widelene Washington
82,gpineda504@live.com,gpineda504,Ymfbd_Nn,Googoosh Pineda
83,aventura796@live.com,aventura796,1;?3uL\OTp=,Adama Ventura
84,hbryant589@gmail.com,hbryant589,:797HNJ@Fo^1b,Hawa Bryant
85,sharrell234@yahoo.com,sharrell234,BatIu;8Uk,Sakineh Harrell
86,rhanson590@gmail.com,rhanson590,l48M6vmY`9CpW,Rania Hanson
87,iyates625@hotmail.com,iyates625,XeTf6OsT\khvSv,Inunnguaq Yates
88,icardenas915@hotmail.com,icardenas915,Af]eSo3,Irati Cardenas
89,mdaniels142@live.com,mdaniels142,m5ud0XMad;Tkm,Merjem Daniels
90,smoss773@hotmail.com,smoss773,:ia>YkULA,Salik Moss
91,scole708@yahoo.com,scole708,v8I<NM,Sevinj Cole
92,mlivingston85@yahoo.com,mlivingston85,kOXfKl,Manaia Livingston
93,srocha110@gmail.com,srocha110,6]FmpcKS,Siyabonga Rocha
94,aarmstrong566@hotmail.com,aarmstrong566,\C?:X?W>0,Amaira Armstrong
95,sgreen215@gmail.com,sgreen215,_EDcdhLQe8,Sevinj Green
96,whardy982@gmail.com,whardy982,osX=d3K7,Wei Hardy
97,idurham167@gmail.com,idurham167,AJJ5?n6vkL,Ilgar Durham
98,svalentine501@gmail.com,svalentine501,cH10Yq8>l;<,Somchai Valentine
99,nhuynh525@gmail.com,nhuynh525,;G;X^6Qp7@uwJJc,Nicolás Huynh
