rrichard601@hotmail.com,1
oobrien710@yahoo.com,2
ilove424@live.com,3
blucas75@yahoo.com,4
slambert47@yahoo.com,5
zmcguire335@msn.com,6
myang750@msn.com,7
rflynn24@msn.com,8
cvalencia294@hotmail.com,9
vdennis195@hotmail.com,10
adelarosa342@yahoo.com,11
agreer130@live.com,12
sgill816@hotmail.com,13
rcordova576@live.com,14
rbarrett43@msn.com,15
khamilton694@live.com,16
rhoward944@gmail.com,17
ystewart716@hotmail.com,18
kbradley261@hotmail.com,19
aaguirre893@live.com,20
nwoods389@hotmail.com,21
mwheeler443@msn.com,22
rcross17@gmail.com,23
bwright247@hotmail.com,24
xsimmons605@hotmail.com,25
psingleton493@live.com,26
tcompton488@live.com,27
sholland196@msn.com,28
dking758@gmail.com,29
imeyer364@msn.com,30
kpittman180@msn.com,31
zglenn662@hotmail.com,32
nbutler362@hotmail.com,33
zarias345@msn.com,34
lfrazier445@hotmail.com,35
xgalvan218@gmail.com,36
kbender224@live.com,37
cvo206@yahoo.com,38
abrowning133@hotmail.com,39
kbonilla431@hotmail.com,40
hkaur985@gmail.com,41
lhayes15@hotmail.com,42
vkelly854@live.com,43
maguirre94@hotmail.com,44
tcox196@live.com,45
ggonzales750@live.com,46
tshepherd781@live.com,47
boneill8@gmail.com,48