rrichard601@hotmail.com,rrichard601,Ph:KDOVp6@itPX,Rani Richard,1
oobrien710@yahoo.com,oobrien710,Y3:VKYuan0,Oumar Obrien,2
ilove424@live.com,ilove424,_]tFDrXC^Knk,Ilina Love,3
blucas75@yahoo.com,blucas75,lD>fGd,Bolormaa Lucas,4
slambert47@yahoo.com,slambert47,C1_wqh1ma,Sakeena Lambert,5
zmcguire335@msn.com,zmcguire335,al]efkmf9Xnq,Zahid Mcguire,6
myang750@msn.com,myang750,>NPEMvqKl[b,Mariam Yang,7
rflynn24@msn.com,rflynn24,IhWrqNfSDd],Rodrigo Flynn,8
cvalencia294@hotmail.com,cvalencia294,ci6:l`7T3c,Concepción Valencia,9
vdennis195@hotmail.com,vdennis195,89^3KEkFu,Vivaan Dennis,10
adelarosa342@yahoo.com,adelarosa342,u5S9q8l4\svWgt,Anar Delarosa,11
agreer130@live.com,agreer130,O\aK0F`QE<U,Amina Greer,12
sgill816@hotmail.com,sgill816,JXYaUf>jU3,Shaikha Gill,13
rcordova576@live.com,rcordova576,3e2VhBEYEL1aTW4,Reema Cordova,14
rbarrett43@msn.com,rbarrett43,mwaVwaA4L3DhIBp,Rashad Barrett,15
khamilton694@live.com,khamilton694,k3=B8u,Khaled Hamilton,16
rhoward944@gmail.com,rhoward944,[2s5<u,Reihaneh Howard,17
ystewart716@hotmail.com,ystewart716,?Q;6PhYE05Sp8,Yahli Stewart,18
kbradley261@hotmail.com,kbradley261,^S\s>P3iFp,Kathem Bradley,19
aaguirre893@live.com,aaguirre893,]_rkFcouuus>V,Aminata Aguirre,20
nwoods389@hotmail.com,nwoods389,RMmtXI`No<aEcoq,Noor Woods,21
mwheeler443@msn.com,mwheeler443,s8iu]>7,Matías Wheeler,22
rcross17@gmail.com,rcross17,]>sBeXc,Reema Cross,23
bwright247@hotmail.com,bwright247,k6?kH@[r1mtP,Bishal Wright,24
xsimmons605@hotmail.com,xsimmons605,;jmBIi\ha<<V^,Xhoel Simmons,25
psingleton493@live.com,psingleton493,Chh@Ao\,Prakash Singleton,26
tcompton488@live.com,tcompton488,`u_iP?4JWf2RY,Tamir Compton,27
sholland196@msn.com,sholland196,LX>c[DUV,Santiago Holland,28
dking758@gmail.com,dking758,6Rg8H74T,Djeneba King,29
imeyer364@msn.com,imeyer364,TnF3e7hVwt,Inuk Meyer,30
kpittman180@msn.com,kpittman180,2]YQm2QIv,Kheira Pittman,31
zglenn662@hotmail.com,zglenn662,9XcolK\Q,Zoran Glenn,32
nbutler362@hotmail.com,nbutler362,Oa4Z6W04p4,Nuka Butler,33
zarias345@msn.com,zarias345,rZP9hSoEaJXrZoj,Zoja Arias,34
lfrazier445@hotmail.com,lfrazier445,Lh5`3^Pf,Laia Frazier,35
xgalvan218@gmail.com,xgalvan218,IS`qF2U=c,Xhoel Galvan,36
kbender224@live.com,kbender224,_4EtaoAD,Konul Bender,37
cvo206@yahoo.com,cvo206,8Zi2i\7Mc9?W,Chedeline Vo,38
abrowning133@hotmail.com,abrowning133,12KTOPgUq,Anas Browning,39
kbonilla431@hotmail.com,kbonilla431,mc6HAXD]E5,Khongordzol Bonilla,40
hkaur985@gmail.com,hkaur985,elG@ae41?QPR,Hasti Kaur,41
lhayes15@hotmail.com,lhayes15,_ELBjw=XDOu1Et,Lulwa Hayes,42
vkelly854@live.com,vkelly854,i7iwsf,Vihaan Kelly,43
maguirre94@hotmail.com,maguirre94,Q07Yi[k0ja2>]ua,Miral Aguirre,44
tcox196@live.com,tcox196,ZnBRi@HD,Tui Cox,45
ggonzales750@live.com,ggonzales750,6f_03:=I^UegY,Gunay Gonzales,46
tshepherd781@live.com,tshepherd781,9GYrGAs@u9J6C?7,Taika Shepherd,47
boneill8@gmail.com,boneill8,I?Oc1>:fC,Bilal Oneill,48
mwoodard437@yahoo.com,mwoodard437,Rr;@`r1Di8>N3q5,Maysoun Woodard,1
arush101@msn.com,arush101,e4gFpZe7oaE?F9,Aqil Rush,1
rmays194@msn.com,rmays194,1TbkZkWc6oQa?S,Riko Mays,1
aaguirre351@live.com,aaguirre351,IEAt`fELZH,Assil Aguirre,2
scrane714@yahoo.com,scrane714,hW=31Ce5,Somsak Crane,2
madkins871@hotmail.com,madkins871,uc;wrNwi,Mariam Adkins,2
phorton446@msn.com,phorton446,Won?>4tStpkqWi=,Prem Horton,3
ewaters23@hotmail.com,ewaters23,QePclo@`d5pfWj,Eyal Waters,3
ijensen592@live.com,ijensen592,AaGQYR=_N?L2U,Ilina Jensen,3
bjohns529@yahoo.com,bjohns529,^RtO=I:w,Batkhaаn Johns,4
acook814@gmail.com,acook814,jB;YOrjlO,Aoi Cook,4
pkelley484@live.com,pkelley484,6lQbdbNH?T,Prem Kelley,4
bshannon692@hotmail.com,bshannon692,?J?;ZGcWFYSJB4=,Binita Shannon,5
swaller280@yahoo.com,swaller280,W4;TEi7,Sai Waller,5
vbenson562@gmail.com,vbenson562,n5CU\CW8,Vivaan Benson,5
bdelacruz249@hotmail.com,bdelacruz249,80cMmO11?B,Bence Delacruz,6
bhall795@live.com,bhall795,X]p@cTRa,Bence Hall,6
lburgess463@gmail.com,lburgess463,ogh[YEg,Lei Burgess,6
shuber357@live.com,shuber357,3@GGQd9`,Stanley Huber,7
emccann981@live.com,emccann981,evWJLF,Elif Mccann,7
rking466@yahoo.com,rking466,8GreH6sqg_Zgrc>,Reihaneh King,7
ibarker361@msn.com,ibarker361,Nv<[h^=aHS6,Ivaana Barker,8
aweber752@hotmail.com,aweber752,>;EQ_cs:Za4R6,Asmita Weber,8
mhawkins371@hotmail.com,mhawkins371,4FT4;qrL<@3a,Milagros Hawkins,8
cavalos991@hotmail.com,cavalos991,Sg3?YFIEraS,Chedeline Avalos,9
mfox476@live.com,mfox476,SjVhji0Yp,Modibo Fox,9
bconway968@msn.com,bconway968,m<pZUPq,Bakary Conway,9
jzavala76@hotmail.com,jzavala76,6[p\pur_sY5,Jameson Zavala,10
pgarner897@msn.com,pgarner897,Ghgc[v:`[Z?OQdA,Pihla Garner,10
nhunter400@msn.com,nhunter400,QuJjVaKu0WVOVX,Nela Hunter,10
loconnor657@live.com,loconnor657,k9r9bRY3m`FmXHc,Leandra Oconnor,11
wdickson537@msn.com,wdickson537,nRcTQjO5,Widelene Dickson,11
mmurray548@msn.com,mmurray548,O7>X;HY14,Martín Murray,11
bshah160@hotmail.com,bshah160,Xa59E8wZJl,Bishal Shah,12
sgilmore916@gmail.com,sgilmore916,uGAKJto7dAK,Somsak Gilmore,12
awatts941@yahoo.com,awatts941,<]_O8cXK,Atharv Watts,12
xrose606@live.com,xrose606,eLSA\w0ifY=c;R:,Xhoel Rose,13
sfleming634@gmail.com,sfleming634,BeM2=PF6KE1Zw,Samkelo Fleming,13
nwebster397@hotmail.com,nwebster397,KdY1G=ld,Nicolás Webster,13
khester264@msn.com,khester264,E=WeqqO[P,Kauri Hester,14
edrake364@msn.com,edrake364,]]\`6a:Fo:\XZg,Emirhan Drake,14
bbranch577@live.com,bbranch577,dNi5L\LIjcp,Bishal Branch,14
bcordova497@live.com,bcordova497,:ML_X1NZ,Bolormaa Cordova,15
fboyd692@msn.com,fboyd692,j7]q\ju6iH@hV0D,Fanta Boyd,15
eavery57@yahoo.com,eavery57,<Wh67lHZ,Elif Avery,15
nhurst331@yahoo.com,nhurst331,M5C21Ta0ZB`b,Noor Hurst,16
asutton197@msn.com,asutton197,_h[H8DSi99,Aminata Sutton,16
xshah878@gmail.com,xshah878,VNAUn=IpCLfY,Xhoel Shah,16