ilove424@live.com,Passive Income Ideas Show
ilove424@live.com,Good Food
ilove424@live.com,Beautiful Stories From Anonymous People
adelarosa342@yahoo.com,Happiness
adelarosa342@yahoo.com,Doctor Who: Verity!
slambert47@yahoo.com,Destiny Community Podcast
nwoods389@hotmail.com,Mental Illness Happy Hour
nbutler362@hotmail.com,AWAKEN THE GUARDIAN
cavalos991@hotmail.com,Bodybuilding and Fitness Podcast
cavalos991@hotmail.com,Mental Illness Happy Hour
khester264@msn.com,The Crate and Crowbar
rking466@yahoo.com,"Your Money Now, The Small Business Report"
sgilmore916@gmail.com,The Sonic Show's Opinion Zone: A Sonic The Hedgehog Podcast
sgilmore916@gmail.com,MPIR Old Time Radio
mhawkins371@hotmail.com,MPIR Old Time Radio
sholland196@msn.com,No Such Thing As A Fish
dking758@gmail.com,OPTAVIA® Habits of Health Podcast
ilove424@live.com,minimalist moms podcast
dking758@gmail.com,The Mother Like a Boss Podcast
aaguirre893@live.com,True Crime Obsessed
adelarosa342@yahoo.com,The Sound of Trance
agreer130@live.com,AWAKEN THE GUARDIAN
sgill816@hotmail.com,TheSecretStash
rcordova576@live.com,Love Me
rbarrett43@msn.com,Dishing Up Nutrition
khamilton694@live.com,Story Time — Children's bedtime stories for kids. Storytime anytime.
rhoward944@gmail.com,Story Time — Children's bedtime stories for kids. Storytime anytime.
ystewart716@hotmail.com,Story Time — Children's bedtime stories for kids. Storytime anytime.
rcordova576@live.com,AWAKEN THE GUARDIAN