ilove424@live.com,bigthief@gmail.com
ilove424@live.com,xylosocial@gmail.com
ilove424@live.com,2manyzooz@hotmail.com
adelarosa342@yahoo.com,bigthief@gmail.com
adelarosa342@yahoo.com,rosenthal@gmail.com
slambert47@yahoo.com,nightwishofficial@gmail.com
nwoods389@hotmail.com,kongoskongos@kongos.com
nbutler362@hotmail.com,danielpemberton@music.com
bshah160@hotmail.com,woodkiiid@gmail.com
ilove424@live.com,woodkiiid@gmail.com
cavalos991@hotmail.com,nightwishofficial@gmail.com
awatts941@yahoo.com,bigthief@gmail.com
bbranch577@live.com,jonathanmcreynolds@telus.com
bbranch577@live.com,maraineysson@yahoo.com
zarias345@msn.com,nightwishofficial@gmail.com
zarias345@msn.com,sevdaliza@sev.du
maguirre94@hotmail.com,retrov1s10n@gmail.com
tcompton488@live.com,sevdaliza@sev.du
acook814@gmail.com,woodkiiid@gmail.com
lfrazier445@hotmail.com,milkychance.hq@gmail.com
xgalvan218@gmail.com,norah.jones31@gmail.com
kbender224@live.com,bryan.adams41@hotmail.com
cvo206@yahoo.com,u2.official@icloud.com
abrowning133@hotmail.com,george.ezra.cool@me.com
kbonilla431@hotmail.com,milkychance.hq@gmail.com
hkaur985@gmail.com,norah.jones31@gmail.com
lhayes15@hotmail.com,bryan.adams41@hotmail.com
vkelly854@live.com,u2.official@icloud.com
maguirre94@hotmail.com,george.ezra.cool@me.com
tcox196@live.com,milkychance.hq@gmail.com
ggonzales750@live.com,norah.jones31@gmail.com