ilove424@live.com,ilove424@live.com,call me indie-ana jones
ilove424@live.com,ilove424@live.com,rick rock and roll
adelarosa342@yahoo.com,adelarosa342@yahoo.com,late night study
slambert47@yahoo.com,slambert47@yahoo.com,sad songs for sad bois :(
nwoods389@hotmail.com,nwoods389@hotmail.com,two hands
nbutler362@hotmail.com,nbutler362@hotmail.com,BIG. POT. OF HUMMUS.
rflynn24@msn.com,ilove424@live.com,call me indie-ana jones
adelarosa342@yahoo.com,slambert47@yahoo.com,sad songs for sad bois :(
rhoward944@gmail.com,nwoods389@hotmail.com,two hands
nwoods389@hotmail.com,ilove424@live.com,call me indie-ana jones
abrowning133@hotmail.com,dking758@gmail.com,oh no oh no
vkelly854@live.com,dking758@gmail.com,oh no oh no
mwoodard437@yahoo.com,dking758@gmail.com,oh no oh no
ijensen592@live.com,cvalencia294@hotmail.com,[1905] fishfeathers
oobrien710@yahoo.com,cvalencia294@hotmail.com,[1905] fishfeathers
eavery57@yahoo.com,swaller280@yahoo.com,[1909] thimblerig
nhurst331@yahoo.com,acook814@gmail.com,[2001] keflavik
rcordova576@live.com,rcordova576@live.com,In my head
tshepherd781@live.com,tshepherd781@live.com,On love
rbarrett43@msn.com,rbarrett43@msn.com,fuyrciy97tp0
lhayes15@hotmail.com,lhayes15@hotmail.com,lofi hip-hop study girl
lhayes15@hotmail.com,lhayes15@hotmail.com,diamonds are a girl's _ ?
lhayes15@hotmail.com,tshepherd781@live.com,On love
rhoward944@gmail.com,tshepherd781@live.com,On love
zglenn662@hotmail.com,lhayes15@hotmail.com,diamonds are a girl's _ ?
maguirre94@hotmail.com,lhayes15@hotmail.com,diamonds are a girl's _ ?
boneill8@gmail.com,lhayes15@hotmail.com,diamonds are a girl's _ ?
oobrien710@yahoo.com,lhayes15@hotmail.com,diamonds are a girl's _ ?
zglenn662@hotmail.com,zglenn662@hotmail.com,studying
zglenn662@hotmail.com,zglenn662@hotmail.com,all about Norah
zarias345@msn.com,zarias345@msn.com,rock n rolling out of here
zarias345@msn.com,zarias345@msn.com,random
zarias345@msn.com,zarias345@msn.com,another one
xrose606@live.com,zglenn662@hotmail.com,all about Norah
sfleming634@gmail.com,zarias345@msn.com,rock n rolling out of here
edrake364@msn.com,zarias345@msn.com,another one
ibarker361@msn.com,zarias345@msn.com,another one
ibarker361@msn.com,zarias345@msn.com,rock n rolling out of here
xshah878@gmail.com,zarias345@msn.com,rock n rolling out of here