301,1,2012-02-16,http://imgur.com/ZA698uIBpnfwONfpVjyX,,Happiness,Happiness Episode 1
302,1,2010-02-08,http://imgur.com/Ahm4P3ub5786Svv03ycm,,Hardcore Gaming 101,Hardcore Gaming 101 Episode 1
303,1,2010-05-11,http://imgur.com/IhAr6wY7BJu5E8ly0Z8l,,Theatre of the Mind,Theatre of the Mind Episode 1
304,1,2016-08-14,http://imgur.com/lgSRqv2hsn3h1ssQqJ4D,,The Quote of the Day Show | Daily Motivational Talks,The Quote of the Day Show | Daily Motivational Talks Episode 1
305,1,2019-02-20,http://imgur.com/stjIVNU7lEv4rpXLxvrq,,Soundwall - Electronic Music And Beyond,Soundwall - Electronic Music And Beyond Episode 1
306,1,2010-01-19,http://imgur.com/MjHYcSdBUPNCN4NZyRnq,,The Hilarious World of Depression,The Hilarious World of Depression Episode 1
307,1,2018-04-08,http://imgur.com/0cKE0iniXlhc2E18Nmfg,,Positively Dog Training - The Official Victoria Stilwell Podcast,Positively Dog Training - The Official Victoria Stilwell Podcast Episode 1
308,1,2012-11-03,http://imgur.com/eEVQqt9KMGXhk0YQTIGU,,No Such Thing As A Fish,No Such Thing As A Fish Episode 1
309,1,2019-08-17,http://imgur.com/en7wmVSZXiJj0Rtcd6Tw,,The Video Games Show,The Video Games Show Episode 1
310,1,2019-02-03,http://imgur.com/y0QJLa5U1BrZ1eSTbOQd,,The Mother Like a Boss Podcast,The Mother Like a Boss Podcast Episode 1
311,1,2011-12-21,http://imgur.com/gmIO7JNYGqTSbezfCzf6,,A Balanced Juggle,A Balanced Juggle Episode 1
312,1,2010-12-23,http://imgur.com/ka9Bf6ZNw16CPJta6kr0,,The Digital Entrepreneur,The Digital Entrepreneur Episode 1
313,1,2010-06-22,http://imgur.com/FSsBTyu715fhataiQ5ny,,HANNAHLYZE THIS with Hannah Hart & Hannah Gelb,HANNAHLYZE THIS with Hannah Hart & Hannah Gelb Episode 1
314,1,2016-02-20,http://imgur.com/kMP3HjCgER3Lpug2MEax,,True Crime Obsessed,True Crime Obsessed Episode 1
315,1,2015-07-29,http://imgur.com/zQ8uqvAPPteU6GhYN8iY,,Free Talk Live,Free Talk Live Episode 1
316,1,2010-04-09,http://imgur.com/abXb9yxRPxmwHN9MHXhu,,Straight Talk with Ross Mathews,Straight Talk with Ross Mathews Episode 1
317,1,2018-02-02,http://imgur.com/K659zBoZUq023as0pQJj,,AWAKEN THE GUARDIAN,AWAKEN THE GUARDIAN Episode 1
318,1,2018-12-20,http://imgur.com/qYqXpqa9WoAAP5SxopCz,,TheSecretStash,TheSecretStash Episode 1
319,1,2010-05-17,http://imgur.com/ZxteorJipqr7o74oHs5c,,OPTAVIA® Habits of Health Podcast,OPTAVIA® Habits of Health Podcast Episode 1
320,1,2018-08-19,http://imgur.com/0PWkK0n76x4VHUlPw3rk,,minimalist moms podcast,minimalist moms podcast Episode 1
321,1,2017-09-15,http://imgur.com/HY9UcyyAF3Csuh8pgdSJ,,The School of Intuition | Self Realization Training for the Empathic Badass,The School of Intuition | Self Realization Training for the Empathic Badass Episode 1
322,1,2011-09-15,http://imgur.com/WSs23AcvbaIgZmGI9zfs,,LCS Rundown - A League of Legends e-Sports Podcast,LCS Rundown - A League of Legends e-Sports Podcast Episode 1
323,1,2019-05-27,http://imgur.com/l7JOQTLA90u8n0WrirVP,,The Weekly Planet,The Weekly Planet Episode 1
324,1,2011-06-19,http://imgur.com/QjzL4Gl2PuhtIwNetj4B,,Completely Unnecessary Podcast,Completely Unnecessary Podcast Episode 1
325,1,2012-10-20,http://imgur.com/zrVPuH6Pbq8ChgkKn8Xc,,The We Turned Out Okay Podcast,The We Turned Out Okay Podcast Episode 1
326,1,2011-07-05,http://imgur.com/elZ2Z9hftZPulDysvuGo,,Survivor Fans Podcast,Survivor Fans Podcast Episode 1
327,1,2013-09-22,http://imgur.com/M0Dow67XWRAVYMD6eTPK,,Liberty Under Attack Radio,Liberty Under Attack Radio Episode 1
328,1,2011-07-27,http://imgur.com/VfIAP7spzIXN7VTqcdLa,,The Ricky Gervais Podcast,The Ricky Gervais Podcast Episode 1
329,1,2012-09-24,http://imgur.com/ie71h2UV5rAXQhKUpDWk,,Good Food,Good Food Episode 1
330,1,2013-03-13,http://imgur.com/7Xk5wleNOWq686aOnyz1,,Beautiful Stories From Anonymous People,Beautiful Stories From Anonymous People Episode 1
331,1,2010-12-27,http://imgur.com/WI2ciVSrG9GzY8EWfQdS,,Nick Fiorucci :: ALL HOUSE (formerly zipCAST),Nick Fiorucci :: ALL HOUSE (formerly zipCAST) Episode 1
332,1,2019-10-20,http://imgur.com/5XrO5XP1GQjyQ4pRWxXz,,"The Anxiety Coaches Podcast - Relief from Anxiety, Panic, and PTSD","The Anxiety Coaches Podcast - Relief from Anxiety, Panic, and PTSD Episode 1"
333,1,2016-05-13,http://imgur.com/ZVb03BJfhmNW2aIz7pwR,,The Becoming SuperHuman Podcast,The Becoming SuperHuman Podcast Episode 1
334,1,2017-04-03,http://imgur.com/uvqz3LAyuIzP5oNO6Hpu,,The Kevin & Bean Show on KROQ,The Kevin & Bean Show on KROQ Episode 1
335,1,2012-11-08,http://imgur.com/Ni74QqwdmgJ9teR1sM8Q,,What's The Point,What's The Point Episode 1
336,1,2018-06-07,http://imgur.com/R19WQmWli0HyTvsqHrHd,,Morning Joe,Morning Joe Episode 1
337,1,2016-11-15,http://imgur.com/FA0g0xQOFykcziFcSuqg,,The Indoor Kids with Kumail Nanjiani and Emily V. Gordon,The Indoor Kids with Kumail Nanjiani and Emily V. Gordon Episode 1
338,1,2015-07-31,http://imgur.com/BJ0rx3kjFb1N0lqmd9ug,,Silent Sales Machine Radio,Silent Sales Machine Radio Episode 1
339,1,2018-04-10,http://imgur.com/fONjj78i8gGXy6nbi9Py,,Iron Radio,Iron Radio Episode 1
340,1,2010-05-22,http://imgur.com/At9sP7rJNSWHBkoCCE4V,,Hysteria Radio,Hysteria Radio Episode 1
341,1,2014-03-22,http://imgur.com/ciFq5UaFRgtr3qw3OzlC,,Old Time Radio DVD,Old Time Radio DVD Episode 1
342,1,2014-01-03,http://imgur.com/WShNeoJOJ9Zt2WkqqSI7,,The Brain Warrior's Way Podcast,The Brain Warrior's Way Podcast Episode 1
343,1,2014-02-09,http://imgur.com/gYPf1GmkgmKAnZdaOqSw,,VICE Meets,VICE Meets Episode 1
344,1,2016-04-23,http://imgur.com/uMHjs6Y2sU0MkEt8mG6s,,KEXP Song of the Day,KEXP Song of the Day Episode 1
345,1,2017-06-04,http://imgur.com/o1VzUgozHYs37uxBPHRr,,Get-Fit Guy's Quick and Dirty Tips to Slim Down and Shape Up,Get-Fit Guy's Quick and Dirty Tips to Slim Down and Shape Up Episode 1
346,1,2014-07-03,http://imgur.com/9mQOnPeM66Fd14OQwHLz,,Mark Levin Audio Rewind,Mark Levin Audio Rewind Episode 1
347,1,2019-06-12,http://imgur.com/UK763hzjkgOqManA8hv8,,"The SDR Show (Sex, Drugs, & Rock-n-Roll Show) w/Ralph Sutton & Big Jay Oakerson","The SDR Show (Sex, Drugs, & Rock-n-Roll Show) w/Ralph Sutton & Big Jay Oakerson Episode 1"
348,1,2015-10-03,http://imgur.com/ghBeiRKRXWUbx7sAXWb0,,Detective,Detective Episode 1
349,1,2014-11-19,http://imgur.com/CctoYEG1bATkZOLZAdfb,,Total Talk Nonsense (TTN),Total Talk Nonsense (TTN) Episode 1
350,1,2015-01-25,http://imgur.com/ySATHDNao3URV2Y5JVcW,,"Switch, Pivot or Quit: Career Switch | Personal Development | Career Advice | Female Entrepreneurship","Switch, Pivot or Quit: Career Switch | Personal Development | Career Advice | Female Entrepreneurship Episode 1"
351,1,2019-09-24,http://imgur.com/vu5Vdzkk2g8T71nu4kQA,,Cold Case Files,Cold Case Files Episode 1
352,1,2011-08-26,http://imgur.com/RyQsGRU14fS23Gw5sxUx,,Amanpour,Amanpour Episode 1
353,1,2017-09-06,http://imgur.com/u1BDWFkx9Y4X84PBuGlO,,StoryCorps,StoryCorps Episode 1
354,1,2016-08-13,http://imgur.com/r8WmI0GHxTH2jB2HFfO9,,The Fit2Fat2Fit Experience,The Fit2Fat2Fit Experience Episode 1
355,1,2017-12-28,http://imgur.com/9oZIjcMfqFI67JmS5jFy,,Dissect,Dissect Episode 1
356,1,2013-02-13,http://imgur.com/BTx3KktAoYUIYBq2kAtz,,Destiny Reset,Destiny Reset Episode 1
357,1,2018-05-09,http://imgur.com/ZMfq2t3xxF9FZchSIL5x,,"Full Of Sith: Star Wars News, Discussions and Interviews","Full Of Sith: Star Wars News, Discussions and Interviews Episode 1"
358,1,2013-08-26,http://imgur.com/tjgJnAEEg44xqXX0DyPD,,Inspire Nation | Daily Inspiration - Motivation - Meditation | Law of Attraction | Health | Career | Spirituality | Self-Help,Inspire Nation | Daily Inspiration - Motivation - Meditation | Law of Attraction | Health | Career | Spirituality | Self-Help Episode 1
359,1,2015-09-16,http://imgur.com/SFCDAATbyHW5CLXmI8dJ,,Guys We F****d,Guys We F****d Episode 1
360,1,2015-01-04,http://imgur.com/a9IJlO7NW2AmdjGfGPx5,,Not Too Deep with Grace Helbig,Not Too Deep with Grace Helbig Episode 1
361,1,2010-02-12,http://imgur.com/3Dg7osa61V4dICPkofeN,,Screw The Nine to Five Podcast | Online Business | Community Building | Lifestyle for Entrepreneurs,Screw The Nine to Five Podcast | Online Business | Community Building | Lifestyle for Entrepreneurs Episode 1
362,1,2017-03-27,http://imgur.com/DYcDVdfzsn30Ib1Gd5Br,,Style Your Mind Podcast,Style Your Mind Podcast Episode 1
363,1,2012-03-01,http://imgur.com/xUb7dcNGYzD8Rd4r1TqY,,NHS Couch to 5K,NHS Couch to 5K Episode 1
364,1,2016-06-18,http://imgur.com/DcWUmvwTkfmltfDe0AaP,,Taking Control: The ADHD Podcast,Taking Control: The ADHD Podcast Episode 1
365,1,2019-01-13,http://imgur.com/5cbSwO18eyPVirTI1G1P,,The Loudini Rock and Roll Circus,The Loudini Rock and Roll Circus Episode 1
366,1,2014-02-12,http://imgur.com/5ctLoQ5Bz1rDVfuF3TMI,,"Your Money Now, The Small Business Report","Your Money Now, The Small Business Report Episode 1"
367,1,2018-05-12,http://imgur.com/rpJRFRABgBPBSO4FdJGr,,The Crate and Crowbar,The Crate and Crowbar Episode 1
368,3,2011-08-21,http://imgur.com/JLlul3XqXaFuqP5lx6tR,,Free Talk Live,Free Talk Live Episode 3
369,1,2012-06-17,http://imgur.com/RvjrTePD6C1L5zJ4zdAT,,Nickelodeon Animation Podcast,Nickelodeon Animation Podcast Episode 1
370,1,2019-10-27,http://imgur.com/eBcl4AaAVsZ4k0mqgKXq,,Destiny Community Podcast,Destiny Community Podcast Episode 1
371,2,2019-11-03,http://imgur.com/KwctnkWCbdfhIzQMLO0x,,Destiny Community Podcast,Destiny Community Podcast Episode 2
372,3,2019-11-10,http://imgur.com/B4ktDuwbTz7LXROpXdpJ,,Destiny Community Podcast,Destiny Community Podcast Episode 3
373,4,2019-11-17,http://imgur.com/5pZV2BZKaerbzTyxzNOv,,Destiny Community Podcast,Destiny Community Podcast Episode 4
374,1,2013-08-20,http://imgur.com/xboZkugdy8jCq3mb2tFm,,Straight Talk with Ross Mathews,Straight Talk with Ross Mathews Episode 1
375,2,2013-08-27,http://imgur.com/WgT3ac0ffZY4qdAyN07i,,Straight Talk with Ross Mathews,Straight Talk with Ross Mathews Episode 2
376,3,2013-09-03,http://imgur.com/pgbZJmCwRQw4uujgYb4F,,Straight Talk with Ross Mathews,Straight Talk with Ross Mathews Episode 3
377,4,2013-09-10,http://imgur.com/n1yHhoNIYzFYk2sIlGRs,,Straight Talk with Ross Mathews,Straight Talk with Ross Mathews Episode 4
378,1,2019-12-27,http://imgur.com/fSJIwIfl0j568AsxK75q,,The Sound of Trance,The Sound of Trance Episode 1
379,2,2020-01-03,http://imgur.com/upLg379l3ZW0TROFAR4J,,The Sound of Trance,The Sound of Trance Episode 2
380,3,2020-01-10,http://imgur.com/P9jC4EEjUakyI6O19LUu,,The Sound of Trance,The Sound of Trance Episode 3
381,1,2011-04-24,http://imgur.com/X9WIPTW6jw8D2LJHQvNb,,AWAKEN THE GUARDIAN,AWAKEN THE GUARDIAN Episode 1
382,1,2012-02-12,http://imgur.com/RMYQYL6MxhOTMkTc48Wq,,Love Me,Love Me Episode 1
383,2,2012-02-19,http://imgur.com/nAV6QvQMNhEVqrOsHin4,,Love Me,Love Me Episode 2
384,3,2012-02-26,http://imgur.com/tXqW8Ga71edXOp0jRmce,,Love Me,Love Me Episode 3
385,1,2015-11-22,http://imgur.com/XZWm8PusrckzXXFRPs5v,,Breaking Bad Insider Podcast,Breaking Bad Insider Podcast Episode 1
386,2,2015-11-29,http://imgur.com/OogFbyoptm0aV6CqjMnh,,Breaking Bad Insider Podcast,Breaking Bad Insider Podcast Episode 2
387,1,2011-08-23,http://imgur.com/NqdkZU4icJLmmiWFukDn,,Pantsuit Politics,Pantsuit Politics Episode 1
388,2,2011-08-30,http://imgur.com/6DTPkWKce5PLKLfcDAux,,Pantsuit Politics,Pantsuit Politics Episode 2
389,3,2011-09-06,http://imgur.com/WJEv3KQZdOoxMJynUM2p,,Pantsuit Politics,Pantsuit Politics Episode 3
390,1,2012-09-03,http://imgur.com/e6ZQsSeoOWLEv5tWiFF5,,OPTAVIA® Habits of Health Podcast,OPTAVIA® Habits of Health Podcast Episode 1
391,2,2012-09-10,http://imgur.com/FKA4IX2U8CJFGxqvWmf3,,OPTAVIA® Habits of Health Podcast,OPTAVIA® Habits of Health Podcast Episode 2
392,3,2012-09-17,http://imgur.com/Hxr6RFeGAqltH2AXdKET,,OPTAVIA® Habits of Health Podcast,OPTAVIA® Habits of Health Podcast Episode 3
393,4,2012-09-24,http://imgur.com/OCkEWjGCJSHyI9I7XZfe,,OPTAVIA® Habits of Health Podcast,OPTAVIA® Habits of Health Podcast Episode 4
394,1,2014-08-30,http://imgur.com/bsS7qYSQDhF13jjQzsBb,,The Tapping Solution Podcast,The Tapping Solution Podcast Episode 1
395,2,2014-09-06,http://imgur.com/OzPjPWxn4ebQi8TdSzOG,,The Tapping Solution Podcast,The Tapping Solution Podcast Episode 2
396,3,2014-09-13,http://imgur.com/1cUsMm4Az2kLqXZ0Dh0j,,The Tapping Solution Podcast,The Tapping Solution Podcast Episode 3
397,4,2014-09-20,http://imgur.com/YvTPXfNVN4SuvYZalvtO,,The Tapping Solution Podcast,The Tapping Solution Podcast Episode 4
398,1,2014-06-08,http://imgur.com/cqiWBi1lYni8tcs9SZy8,,EMBody Radio,EMBody Radio Episode 1
399,1,2019-08-21,http://imgur.com/yZy1eUL91uG7VsDpF40q,,Ask The Low-Carb Experts,Ask The Low-Carb Experts Episode 1
400,2,2019-08-28,http://imgur.com/ogKXFjA0rfgVfKNfkuvk,,Ask The Low-Carb Experts,Ask The Low-Carb Experts Episode 2
401,3,2019-09-04,http://imgur.com/1nK4LzWGalWhivfmb88s,,Ask The Low-Carb Experts,Ask The Low-Carb Experts Episode 3
402,1,2014-04-08,http://imgur.com/lo50hjlaqI13NYzkdACT,,Originally The Hannah Montana Fan Podcast,Originally The Hannah Montana Fan Podcast Episode 1
403,1,2017-11-30,http://imgur.com/sAH4xHntyZ6dFpJ66rAY,,Dexter,Dexter Episode 1
404,2,2017-12-07,http://imgur.com/ROFKiPYVOYf1WbJpJdwX,,Dexter,Dexter Episode 2
405,3,2017-12-14,http://imgur.com/zJnoHMGotHioQyfpFRpV,,Dexter,Dexter Episode 3
406,1,2012-05-25,http://imgur.com/A2x9j5lDyYNSq83hqLGq,,Get to sleep fast with Tracks To Relax Sleep Meditations,Get to sleep fast with Tracks To Relax Sleep Meditations Episode 1
407,2,2012-06-01,http://imgur.com/zhRvENDxgyHUvvIPDwKc,,Get to sleep fast with Tracks To Relax Sleep Meditations,Get to sleep fast with Tracks To Relax Sleep Meditations Episode 2
408,1,2012-08-17,http://imgur.com/CpKI4sZbAPCMu4EOKTBQ,,Perfecto Podcast: featuring Paul Oakenfold,Perfecto Podcast: featuring Paul Oakenfold Episode 1
409,2,2012-08-24,http://imgur.com/d3tqjb4m9tiuRSjHHu7Z,,Perfecto Podcast: featuring Paul Oakenfold,Perfecto Podcast: featuring Paul Oakenfold Episode 2
410,1,2019-09-26,http://imgur.com/xkRnCovkR7ttrRsO7Df6,,"""Diet and Fitness Podcasts by Diet.com""","""Diet and Fitness Podcasts by Diet.com"" Episode 1"
411,2,2019-10-03,http://imgur.com/m4fKOunuxYluwsfyBri3,,"""Diet and Fitness Podcasts by Diet.com""","""Diet and Fitness Podcasts by Diet.com"" Episode 2"
412,1,2018-12-09,http://imgur.com/aezamDQWgEviQu2MhT9M,,The Paracast -- The Gold Standard of Paranormal Radio,The Paracast -- The Gold Standard of Paranormal Radio Episode 1
413,1,2018-11-28,http://imgur.com/1zuLXNcAL83USjaHqTt0,,She's Beauty And The Beast,She's Beauty And The Beast Episode 1
414,1,2017-05-01,http://imgur.com/HbFX82wruhgKywZb7cmX,,The Recovery Warrior Show,The Recovery Warrior Show Episode 1
415,2,2017-05-08,http://imgur.com/izpKWtGjHmnLWjIx45s7,,The Recovery Warrior Show,The Recovery Warrior Show Episode 2
416,3,2017-05-15,http://imgur.com/yRJ4cDQBBRgVQr0VD5jO,,The Recovery Warrior Show,The Recovery Warrior Show Episode 3
417,1,2017-12-03,http://imgur.com/MejqeMkvRwYSLA3i0HGv,,minimalist moms podcast,minimalist moms podcast Episode 1
418,2,2017-12-10,http://imgur.com/ipOeRDYuPJGQByXddLrE,,minimalist moms podcast,minimalist moms podcast Episode 2
419,3,2017-12-17,http://imgur.com/I4fjnuD9YnwiGf7i6GGT,,minimalist moms podcast,minimalist moms podcast Episode 3
420,4,2017-12-24,http://imgur.com/Tx2qPAYon6DsIScjruiX,,minimalist moms podcast,minimalist moms podcast Episode 4
421,1,2011-12-27,http://imgur.com/ZixLe1oSz3poJuzCUd53,,Mastering Blood Sugar,Mastering Blood Sugar Episode 1
422,2,2012-01-03,http://imgur.com/U4YyrOa8ib0NHOnj4IQ9,,Mastering Blood Sugar,Mastering Blood Sugar Episode 2
423,3,2012-01-10,http://imgur.com/qozPonbAluNgSBDM5wZM,,Mastering Blood Sugar,Mastering Blood Sugar Episode 3
424,4,2012-01-17,http://imgur.com/i1Bl4kn0x8tACrgfgXTZ,,Mastering Blood Sugar,Mastering Blood Sugar Episode 4
425,1,2011-09-16,http://imgur.com/hLKN1uAVcLhWGaPx7YTS,,LCS Rundown - A League of Legends e-Sports Podcast,LCS Rundown - A League of Legends e-Sports Podcast Episode 1
426,2,2011-09-23,http://imgur.com/ol4IYB9WRn8goNsacQLy,,LCS Rundown - A League of Legends e-Sports Podcast,LCS Rundown - A League of Legends e-Sports Podcast Episode 2
427,3,2011-09-30,http://imgur.com/gJeSDbnQXmtLCT9kzPk6,,LCS Rundown - A League of Legends e-Sports Podcast,LCS Rundown - A League of Legends e-Sports Podcast Episode 3
428,1,2015-11-21,http://imgur.com/dAKV1guayZ8P23zrqOVz,,"ClutterBug Podcast - Organize, Clean and Transform your Home","ClutterBug Podcast - Organize, Clean and Transform your Home Episode 1"
429,2,2015-11-28,http://imgur.com/itdEYLaiMUhGNBttPiVe,,"ClutterBug Podcast - Organize, Clean and Transform your Home","ClutterBug Podcast - Organize, Clean and Transform your Home Episode 2"
430,1,2019-02-16,http://imgur.com/NaxZXDg5WYpd6QzVUfc3,,"Inbound Marketing Today with Neil Brown. Get more traffic, leads and sales online.","Inbound Marketing Today with Neil Brown. Get more traffic, leads and sales online. Episode 1"
431,2,2019-02-23,http://imgur.com/8nUOZyByJujpyLWGYppn,,"Inbound Marketing Today with Neil Brown. Get more traffic, leads and sales online.","Inbound Marketing Today with Neil Brown. Get more traffic, leads and sales online. Episode 2"
432,3,2019-03-02,http://imgur.com/xQuLW3rxYqOGxznLOpTR,,"Inbound Marketing Today with Neil Brown. Get more traffic, leads and sales online.","Inbound Marketing Today with Neil Brown. Get more traffic, leads and sales online. Episode 3"
433,1,2011-05-14,http://imgur.com/sgzJDVGx7855JzYiXMlr,,Completely Unnecessary Podcast,Completely Unnecessary Podcast Episode 1
434,2,2011-05-21,http://imgur.com/fTfBPMd15YYKDlD1GGQ7,,Completely Unnecessary Podcast,Completely Unnecessary Podcast Episode 2
435,1,2013-08-07,http://imgur.com/s1l5OIZy7Fj1a8Fce9Z9,,Undone,Undone Episode 1
436,2,2013-08-14,http://imgur.com/XvBYpH9KtBVflyeKSFdO,,Undone,Undone Episode 2
437,3,2013-08-21,http://imgur.com/8qmhmySGulmpmDIXSqly,,Undone,Undone Episode 3
438,4,2013-08-28,http://imgur.com/z7azk0VhdUrunCgsdLsV,,Undone,Undone Episode 4
439,1,2013-05-14,http://imgur.com/1BJ4eOlWRX8VQa6winKw,,The DS:Life Podcast,The DS:Life Podcast Episode 1
440,2,2013-05-21,http://imgur.com/AhVWOSrZ17WMhfk2FJMK,,The DS:Life Podcast,The DS:Life Podcast Episode 2
441,1,2010-04-27,http://imgur.com/YY9tpjibHFQX1Ppgc87t,,The We Turned Out Okay Podcast,The We Turned Out Okay Podcast Episode 1
442,1,2010-05-30,http://imgur.com/LCqgISm5jBsdGlNJxdd9,,New Classical Tracks with Julie Amacher,New Classical Tracks with Julie Amacher Episode 1
443,2,2010-06-06,http://imgur.com/D4MKuhzmA2VRiKjP2xNi,,New Classical Tracks with Julie Amacher,New Classical Tracks with Julie Amacher Episode 2
444,3,2010-06-13,http://imgur.com/uYsrjyKo1jYCOgSf4CeH,,New Classical Tracks with Julie Amacher,New Classical Tracks with Julie Amacher Episode 3
445,1,2012-06-04,http://imgur.com/4y6xrFQDRD5Ba2YlgPt9,,"eCommerceFuel: Build, Launch and Grow a 7 Figure Plus eCommerce Business | eCommerce Fuel","eCommerceFuel: Build, Launch and Grow a 7 Figure Plus eCommerce Business | eCommerce Fuel Episode 1"
446,2,2012-06-11,http://imgur.com/eZJbtbHUKbttL58r5SQE,,"eCommerceFuel: Build, Launch and Grow a 7 Figure Plus eCommerce Business | eCommerce Fuel","eCommerceFuel: Build, Launch and Grow a 7 Figure Plus eCommerce Business | eCommerce Fuel Episode 2"
447,3,2012-06-18,http://imgur.com/wKOOjB5TEwe1iTJKOoZ4,,"eCommerceFuel: Build, Launch and Grow a 7 Figure Plus eCommerce Business | eCommerce Fuel","eCommerceFuel: Build, Launch and Grow a 7 Figure Plus eCommerce Business | eCommerce Fuel Episode 3"
448,1,2013-08-05,http://imgur.com/qSrApX6j7zNRIPsMRqCE,,Survivor Fans Podcast,Survivor Fans Podcast Episode 1
449,2,2013-08-12,http://imgur.com/I4QnIQti5CRXoDpdriqm,,Survivor Fans Podcast,Survivor Fans Podcast Episode 2
450,1,2018-01-30,http://imgur.com/klwMQzRX4aXnBe9fZWau,,Edit Your Life Show,Edit Your Life Show Episode 1